23/06/2017 00:00:14,57.593567,9.960473
23/06/2017 00:03:14,57.593578,9.960507
23/06/2017 00:05:31,57.593578,9.960507
23/06/2017 00:05:32,57.593578,9.960507
23/06/2017 00:06:12,57.593578,9.960512
23/06/2017 00:11:31,57.593578,9.960512
23/06/2017 00:11:32,57.593578,9.960512
23/06/2017 00:12:11,57.593585,9.960520
23/06/2017 00:15:12,57.593573,9.960507
23/06/2017 00:17:31,57.593573,9.960507
23/06/2017 00:18:12,57.593588,9.960518
23/06/2017 00:23:33,57.593588,9.960518
23/06/2017 00:23:35,57.593588,9.960518
23/06/2017 00:24:11,57.593570,9.960507
23/06/2017 00:27:11,57.593590,9.960505
23/06/2017 00:29:30,57.593590,9.960505
23/06/2017 00:30:12,57.593578,9.960505
23/06/2017 00:33:11,57.593582,9.960485
23/06/2017 00:35:31,57.593582,9.960485
23/06/2017 00:35:33,57.593582,9.960485
23/06/2017 00:36:11,57.593582,9.960478
23/06/2017 00:39:11,57.593600,9.960500
23/06/2017 00:41:31,57.593600,9.960500
23/06/2017 00:41:33,57.593600,9.960500
23/06/2017 00:45:12,57.593595,9.960500
23/06/2017 00:47:30,57.593595,9.960500
23/06/2017 00:47:31,57.593595,9.960500
23/06/2017 00:48:12,57.593612,9.960517
23/06/2017 00:51:11,57.593612,9.960500
23/06/2017 00:53:32,57.593612,9.960500
23/06/2017 00:53:32,57.593612,9.960500
23/06/2017 00:57:11,57.593593,9.960505
23/06/2017 00:59:31,57.593593,9.960505
23/06/2017 01:00:11,57.593582,9.960510
23/06/2017 01:03:11,57.593593,9.960513
23/06/2017 01:05:30,57.593593,9.960513
23/06/2017 01:05:33,57.593593,9.960513
23/06/2017 01:06:14,57.593598,9.960495
23/06/2017 01:09:16,57.593583,9.960510
23/06/2017 01:09:49,57.593610,9.960417
23/06/2017 01:10:13,57.593947,9.960380
23/06/2017 01:10:43,57.594283,9.961468
23/06/2017 01:11:31,57.594283,9.961468
23/06/2017 01:11:34,57.594283,9.961468
23/06/2017 01:11:46,57.595257,9.963238
23/06/2017 01:12:13,57.595810,9.962228
23/06/2017 01:12:43,57.596430,9.960912
23/06/2017 01:13:15,57.597202,9.959567
23/06/2017 01:13:44,57.598067,9.958818
23/06/2017 01:14:13,57.598940,9.958142
23/06/2017 01:14:43,57.599773,9.957080
23/06/2017 01:15:17,57.600237,9.955213
23/06/2017 01:15:45,57.600350,9.953543
23/06/2017 01:16:15,57.600507,9.951595
23/06/2017 01:16:43,57.600763,9.949900
23/06/2017 01:17:32,57.600763,9.949900
23/06/2017 01:17:34,57.600763,9.949900
23/06/2017 01:17:43,57.601387,9.946357
23/06/2017 01:18:14,57.601765,9.944550
23/06/2017 01:18:42,57.602093,9.942822
23/06/2017 01:19:13,57.602457,9.941042
23/06/2017 01:19:43,57.602850,9.939293
23/06/2017 01:20:13,57.603220,9.937542
23/06/2017 01:20:43,57.603557,9.935683
23/06/2017 01:21:13,57.603892,9.933883
23/06/2017 01:21:43,57.604245,9.932132
23/06/2017 01:22:12,57.604578,9.930323
23/06/2017 01:22:43,57.604955,9.928458
23/06/2017 01:23:14,57.605303,9.926658
23/06/2017 01:23:30,57.605303,9.926658
23/06/2017 01:23:32,57.605303,9.926658
23/06/2017 01:23:45,57.605635,9.924718
23/06/2017 01:24:13,57.605953,9.923025
23/06/2017 01:24:43,57.606292,9.921272
23/06/2017 01:25:13,57.606625,9.919467
23/06/2017 01:25:43,57.606943,9.917580
23/06/2017 01:26:12,57.607233,9.915805
23/06/2017 01:26:42,57.607557,9.913990
23/06/2017 01:27:14,57.607965,9.912093
23/06/2017 01:27:43,57.608272,9.910382
23/06/2017 01:28:13,57.608608,9.908500
23/06/2017 01:28:44,57.608932,9.906678
23/06/2017 01:29:12,57.609262,9.904938
23/06/2017 01:29:30,57.609262,9.904938
23/06/2017 01:29:46,57.609605,9.902853
23/06/2017 01:30:14,57.609902,9.901230
23/06/2017 01:30:42,57.610223,9.899477
23/06/2017 01:31:12,57.610510,9.897622
23/06/2017 01:31:42,57.610858,9.895830
23/06/2017 01:32:13,57.611172,9.894012
23/06/2017 01:32:42,57.611498,9.892195
23/06/2017 01:33:13,57.611830,9.890313
23/06/2017 01:33:42,57.612148,9.888533
23/06/2017 01:34:14,57.612553,9.886607
23/06/2017 01:34:42,57.612835,9.884905
23/06/2017 01:35:12,57.613212,9.883012
23/06/2017 01:35:30,57.613212,9.883012
23/06/2017 01:35:42,57.613535,9.881175
23/06/2017 01:36:12,57.613848,9.879408
23/06/2017 01:36:42,57.614175,9.877510
23/06/2017 01:37:13,57.614482,9.875593
23/06/2017 01:37:43,57.614852,9.873823
23/06/2017 01:38:12,57.615202,9.872092
23/06/2017 01:38:43,57.615533,9.870215
23/06/2017 01:39:12,57.615838,9.868528
23/06/2017 01:39:42,57.616178,9.866665
23/06/2017 01:40:12,57.616515,9.864943
23/06/2017 01:40:41,57.616863,9.863155
23/06/2017 01:41:14,57.617252,9.861193
23/06/2017 01:41:30,57.617252,9.861193
23/06/2017 01:41:31,57.617252,9.861193
23/06/2017 01:42:12,57.617923,9.857735
23/06/2017 01:42:42,57.618262,9.856023
23/06/2017 01:43:12,57.618630,9.854198
23/06/2017 01:43:41,57.618943,9.852438
23/06/2017 01:44:11,57.619295,9.850672
23/06/2017 01:44:42,57.619658,9.848810
23/06/2017 01:45:13,57.619950,9.846985
23/06/2017 01:45:41,57.620273,9.845250
23/06/2017 01:46:13,57.620605,9.843285
23/06/2017 01:47:13,57.621277,9.839643
23/06/2017 01:47:32,57.621277,9.839643
23/06/2017 01:47:32,57.621277,9.839643
23/06/2017 01:47:42,57.621587,9.837868
23/06/2017 01:48:12,57.621908,9.836022
23/06/2017 01:48:41,57.622242,9.834247
23/06/2017 01:49:12,57.622593,9.832365
23/06/2017 01:49:41,57.622913,9.830577
23/06/2017 01:50:12,57.623203,9.828628
23/06/2017 01:50:43,57.623513,9.826765
23/06/2017 01:51:13,57.623825,9.824918
23/06/2017 01:51:43,57.624177,9.823020
23/06/2017 01:52:11,57.624462,9.821282
23/06/2017 01:52:42,57.624778,9.819432
23/06/2017 01:53:11,57.625087,9.817585
23/06/2017 01:53:31,57.625087,9.817585
23/06/2017 01:53:31,57.625087,9.817585
23/06/2017 01:53:42,57.625412,9.815692
23/06/2017 01:54:42,57.626030,9.812050
23/06/2017 01:55:12,57.626337,9.810287
23/06/2017 01:55:42,57.626665,9.808393
23/06/2017 01:56:11,57.626955,9.806680
23/06/2017 01:57:11,57.627598,9.802978
23/06/2017 01:57:42,57.627917,9.801105
23/06/2017 01:58:12,57.628242,9.799380
23/06/2017 01:58:41,57.628535,9.797532
23/06/2017 01:59:30,57.628535,9.797532
23/06/2017 01:59:31,57.628535,9.797532
23/06/2017 01:59:41,57.629183,9.793862
23/06/2017 02:00:11,57.629502,9.792113
23/06/2017 02:00:41,57.629850,9.790243
23/06/2017 02:01:10,57.630162,9.788485
23/06/2017 02:02:12,57.630832,9.784763
23/06/2017 02:02:40,57.631142,9.783108
23/06/2017 02:03:11,57.631470,9.781248
23/06/2017 02:03:41,57.631793,9.779475
23/06/2017 02:04:10,57.632097,9.777737
23/06/2017 02:04:41,57.632412,9.775887
23/06/2017 02:05:11,57.632712,9.774158
23/06/2017 02:05:31,57.632712,9.774158
23/06/2017 02:05:31,57.632712,9.774158
23/06/2017 02:05:40,57.632997,9.772348
23/06/2017 02:06:13,57.633315,9.770420
23/06/2017 02:06:43,57.633707,9.768618
23/06/2017 02:07:11,57.634033,9.766943
23/06/2017 02:07:40,57.634347,9.765183
23/06/2017 02:08:11,57.634712,9.763315
23/06/2017 02:08:41,57.635022,9.761487
23/06/2017 02:09:11,57.635365,9.759695
23/06/2017 02:09:43,57.635698,9.757820
23/06/2017 02:10:10,57.636003,9.756132
23/06/2017 02:10:41,57.636372,9.754293
23/06/2017 02:11:10,57.636677,9.752550
23/06/2017 02:11:30,57.636677,9.752550
23/06/2017 02:11:32,57.636677,9.752550
23/06/2017 02:11:40,57.637003,9.750815
23/06/2017 02:12:10,57.637348,9.749030
23/06/2017 02:12:42,57.637708,9.747118
23/06/2017 02:13:11,57.638015,9.745370
23/06/2017 02:13:41,57.638370,9.743592
23/06/2017 02:14:11,57.638720,9.741732
23/06/2017 02:14:39,57.639015,9.740032
23/06/2017 02:15:40,57.639710,9.736450
23/06/2017 02:16:12,57.640065,9.734447
23/06/2017 02:16:40,57.640373,9.732838
23/06/2017 02:17:31,57.640373,9.732838
23/06/2017 02:17:31,57.640373,9.732838
23/06/2017 02:18:12,57.641357,9.727232
23/06/2017 02:18:40,57.641652,9.725545
23/06/2017 02:19:10,57.641963,9.723752
23/06/2017 02:19:39,57.642262,9.722015
23/06/2017 02:20:10,57.642620,9.720242
23/06/2017 02:20:39,57.642953,9.718438
23/06/2017 02:21:10,57.643280,9.716635
23/06/2017 02:21:40,57.643602,9.714830
23/06/2017 02:22:10,57.643928,9.713013
23/06/2017 02:22:39,57.644235,9.711218
23/06/2017 02:23:10,57.644565,9.709433
23/06/2017 02:23:31,57.644565,9.709433
23/06/2017 02:23:33,57.644565,9.709433
23/06/2017 02:23:40,57.644867,9.707642
23/06/2017 02:24:10,57.645220,9.705830
23/06/2017 02:25:09,57.645813,9.702297
23/06/2017 02:25:42,57.646182,9.700368
23/06/2017 02:26:09,57.646463,9.698765
23/06/2017 02:28:09,57.647725,9.691667
23/06/2017 02:29:09,57.648357,9.688072
23/06/2017 02:29:30,57.648357,9.688072
23/06/2017 02:30:41,57.649343,9.682688
23/06/2017 02:31:10,57.649607,9.680940
23/06/2017 02:31:40,57.649957,9.679170
23/06/2017 02:32:09,57.650260,9.677378
23/06/2017 02:32:39,57.650543,9.675637
23/06/2017 02:33:09,57.650873,9.673857
23/06/2017 02:33:40,57.651205,9.672017
23/06/2017 02:34:09,57.651520,9.670300
23/06/2017 02:34:39,57.651855,9.668542
23/06/2017 02:35:09,57.652163,9.666692
23/06/2017 02:35:30,57.652163,9.666692
23/06/2017 02:35:31,57.652163,9.666692
23/06/2017 02:36:08,57.652792,9.663183
23/06/2017 02:36:38,57.653062,9.661373
23/06/2017 02:37:41,57.653745,9.657652
23/06/2017 02:38:09,57.654028,9.656048
23/06/2017 02:39:09,57.654685,9.652487
23/06/2017 02:39:38,57.655017,9.650718
23/06/2017 02:40:11,57.655335,9.648807
23/06/2017 02:40:39,57.655632,9.647137
23/06/2017 02:41:08,57.655957,9.645360
23/06/2017 02:41:31,57.655957,9.645360
23/06/2017 02:41:40,57.656317,9.643463
23/06/2017 02:42:08,57.656578,9.641777
23/06/2017 02:42:40,57.656912,9.639863
23/06/2017 02:44:40,57.658177,9.632803
23/06/2017 02:45:08,57.658465,9.631067
23/06/2017 02:45:38,57.658783,9.629277
23/06/2017 02:46:09,57.659107,9.627450
23/06/2017 02:46:38,57.659437,9.625750
23/06/2017 02:47:31,57.659437,9.625750
23/06/2017 02:47:32,57.659437,9.625750
23/06/2017 02:47:38,57.659992,9.622143
23/06/2017 02:48:09,57.660287,9.620290
23/06/2017 02:49:08,57.660885,9.616803
23/06/2017 02:49:38,57.661192,9.615038
23/06/2017 02:50:08,57.661498,9.613270
23/06/2017 02:50:39,57.661808,9.611493
23/06/2017 02:51:09,57.662127,9.609648
23/06/2017 02:51:39,57.662402,9.607838
23/06/2017 02:52:08,57.662680,9.606093
23/06/2017 02:52:39,57.663030,9.604287
23/06/2017 02:53:08,57.663360,9.602622
23/06/2017 02:53:33,57.663360,9.602622
23/06/2017 02:53:34,57.663360,9.602622
23/06/2017 02:53:39,57.663667,9.600850
23/06/2017 02:54:38,57.664312,9.597368
23/06/2017 02:55:37,57.664997,9.593963
23/06/2017 02:56:07,57.665317,9.592200
23/06/2017 02:56:39,57.665655,9.590393
23/06/2017 02:57:08,57.665975,9.588650
23/06/2017 02:58:40,57.666925,9.583247
23/06/2017 02:59:09,57.667263,9.581638
23/06/2017 02:59:32,57.667263,9.581638
23/06/2017 02:59:37,57.667578,9.579945
23/06/2017 03:00:08,57.667853,9.578173
23/06/2017 03:01:37,57.668787,9.572920
23/06/2017 03:03:37,57.670010,9.565978
23/06/2017 03:04:07,57.670285,9.564222
23/06/2017 03:04:37,57.670617,9.562492
23/06/2017 03:05:30,57.670617,9.562492
23/06/2017 03:05:32,57.670617,9.562492
23/06/2017 03:05:37,57.671208,9.559067
23/06/2017 03:06:07,57.671510,9.557315
23/06/2017 03:07:37,57.672423,9.552007
23/06/2017 03:08:07,57.672718,9.550325
23/06/2017 03:08:37,57.673033,9.548512
23/06/2017 03:09:08,57.673340,9.546763
23/06/2017 03:09:38,57.673640,9.545010
23/06/2017 03:10:07,57.673940,9.543267
23/06/2017 03:11:07,57.674545,9.539773
23/06/2017 03:11:30,57.674545,9.539773
23/06/2017 03:11:30,57.674545,9.539773
23/06/2017 03:11:38,57.674843,9.538035
23/06/2017 03:12:38,57.675475,9.534540
23/06/2017 03:13:37,57.676117,9.531053
23/06/2017 03:14:36,57.676712,9.527610
23/06/2017 03:15:06,57.677015,9.525867
23/06/2017 03:16:07,57.677647,9.522302
23/06/2017 03:16:37,57.677957,9.520617
23/06/2017 03:18:38,57.679222,9.513545
23/06/2017 03:19:36,57.679808,9.510163
23/06/2017 03:20:36,57.680443,9.506690
23/06/2017 03:21:07,57.680760,9.504893
23/06/2017 03:22:07,57.681400,9.501422
23/06/2017 03:22:37,57.681698,9.499715
23/06/2017 03:23:07,57.682038,9.497988
23/06/2017 03:23:30,57.682038,9.497988
23/06/2017 03:23:32,57.682038,9.497988
23/06/2017 03:24:06,57.682587,9.494482
23/06/2017 03:24:36,57.682917,9.492743
23/06/2017 03:25:08,57.683230,9.490965
23/06/2017 03:25:36,57.683518,9.489282
23/06/2017 03:26:08,57.683845,9.487498
23/06/2017 03:26:37,57.684142,9.485752
23/06/2017 03:27:06,57.684438,9.484070
23/06/2017 03:27:36,57.684718,9.482338
23/06/2017 03:28:06,57.685037,9.480632
23/06/2017 03:29:06,57.685628,9.477168
23/06/2017 03:29:30,57.685628,9.477168
23/06/2017 03:29:32,57.685628,9.477168
23/06/2017 03:30:07,57.686237,9.473717
23/06/2017 03:30:36,57.686530,9.471990
23/06/2017 03:31:05,57.686825,9.470340
23/06/2017 03:32:36,57.687765,9.465150
23/06/2017 03:33:36,57.688360,9.461687
23/06/2017 03:34:10,57.688705,9.459710
23/06/2017 03:34:35,57.688967,9.458207
23/06/2017 03:35:35,57.689572,9.454773
23/06/2017 03:36:06,57.689878,9.452980
23/06/2017 03:36:36,57.690193,9.451257
23/06/2017 03:37:05,57.690462,9.449568
23/06/2017 03:37:36,57.690783,9.447783
23/06/2017 03:38:07,57.691085,9.446053
23/06/2017 03:38:36,57.691403,9.444397
23/06/2017 03:39:05,57.691700,9.442663
23/06/2017 03:39:35,57.692015,9.440942
23/06/2017 03:40:05,57.692320,9.439212
23/06/2017 03:40:36,57.692632,9.437412
23/06/2017 03:41:06,57.692897,9.435658
23/06/2017 03:41:35,57.692897,9.435658
23/06/2017 03:41:37,57.693242,9.433867
23/06/2017 03:42:36,57.693843,9.430492
23/06/2017 03:43:05,57.694138,9.428822
23/06/2017 03:43:36,57.694447,9.427032
23/06/2017 03:44:05,57.694762,9.425383
23/06/2017 03:44:35,57.695045,9.423668
23/06/2017 03:45:35,57.695615,9.420283
23/06/2017 03:46:05,57.695942,9.418508
23/06/2017 03:46:35,57.696237,9.416795
23/06/2017 03:47:06,57.696532,9.415092
23/06/2017 03:47:35,57.696827,9.413453
23/06/2017 03:48:08,57.697153,9.411565
23/06/2017 03:48:35,57.697407,9.410008
23/06/2017 03:49:07,57.697712,9.408115
23/06/2017 03:51:05,57.698810,9.401327
23/06/2017 03:52:38,57.699678,9.395925
23/06/2017 03:53:05,57.699938,9.394373
23/06/2017 03:53:30,57.699938,9.394373
23/06/2017 03:53:30,57.699938,9.394373
23/06/2017 03:54:37,57.700802,9.389127
23/06/2017 03:55:05,57.701082,9.387512
23/06/2017 03:55:34,57.701388,9.385792
23/06/2017 03:56:05,57.701727,9.384027
23/06/2017 03:57:04,57.702347,9.380665
23/06/2017 03:57:35,57.702667,9.378898
23/06/2017 03:58:06,57.702977,9.377202
23/06/2017 03:58:34,57.703293,9.375545
23/06/2017 03:59:04,57.703610,9.373835
23/06/2017 03:59:32,57.703610,9.373835
23/06/2017 03:59:34,57.703918,9.372120
23/06/2017 04:00:36,57.704555,9.368662
23/06/2017 04:01:05,57.704860,9.366965
23/06/2017 04:01:34,57.705142,9.365317
23/06/2017 04:02:35,57.705792,9.361883
23/06/2017 04:03:05,57.706097,9.360190
23/06/2017 04:03:34,57.706397,9.358562
23/06/2017 04:04:04,57.706715,9.356928
23/06/2017 04:04:35,57.707032,9.355162
23/06/2017 04:05:04,57.707322,9.353517
23/06/2017 04:05:30,57.707322,9.353517
23/06/2017 04:05:36,57.707650,9.351642
23/06/2017 04:06:35,57.708253,9.348277
23/06/2017 04:07:04,57.708545,9.346658
23/06/2017 04:07:35,57.708850,9.344915
23/06/2017 04:08:04,57.709108,9.343270
23/06/2017 04:08:36,57.709408,9.341528
23/06/2017 04:09:33,57.709955,9.338253
23/06/2017 04:10:05,57.710242,9.336480
23/06/2017 04:11:30,57.710242,9.336480
23/06/2017 04:26:33,57.719940,9.280647
23/06/2017 04:28:33,57.720117,9.274033
23/06/2017 04:30:03,57.719553,9.269627
23/06/2017 04:30:33,57.719365,9.268232
23/06/2017 04:32:33,57.718610,9.262623
23/06/2017 04:40:02,57.715610,9.242050
23/06/2017 04:42:03,57.714852,9.236533
23/06/2017 04:42:33,57.714615,9.235188
23/06/2017 04:43:02,57.714392,9.233880
23/06/2017 04:43:33,57.714152,9.232492
23/06/2017 04:44:02,57.713917,9.231133
23/06/2017 04:45:02,57.713467,9.228427
23/06/2017 04:45:32,57.713260,9.227153
23/06/2017 04:46:32,57.712967,9.225117
23/06/2017 04:47:02,57.712823,9.224107
23/06/2017 04:47:30,57.712823,9.224107
23/06/2017 04:47:32,57.712597,9.222822
23/06/2017 04:48:33,57.711982,9.219812
23/06/2017 04:49:02,57.711720,9.218283
23/06/2017 04:49:33,57.711440,9.216708
23/06/2017 04:50:02,57.711158,9.215108
23/06/2017 04:50:33,57.710897,9.213442
23/06/2017 04:51:02,57.710642,9.211897
23/06/2017 04:52:02,57.710125,9.208645
23/06/2017 04:53:02,57.709795,9.206225
23/06/2017 04:53:30,57.709795,9.206225
23/06/2017 04:53:32,57.709795,9.206225
23/06/2017 04:53:33,57.709670,9.205205
23/06/2017 04:54:31,57.709385,9.203332
23/06/2017 04:55:02,57.709277,9.202325
23/06/2017 04:55:32,57.709137,9.201315
23/06/2017 04:56:02,57.708907,9.200470
23/06/2017 04:56:33,57.708683,9.200083
23/06/2017 04:57:01,57.708575,9.199918
23/06/2017 04:57:33,57.708535,9.199598
23/06/2017 04:58:33,57.708565,9.199753
23/06/2017 04:59:30,57.708565,9.199753
23/06/2017 04:59:32,57.708518,9.200260
23/06/2017 05:00:01,57.708548,9.200475
23/06/2017 05:00:31,57.708590,9.200703
23/06/2017 05:03:31,57.708717,9.201435
23/06/2017 05:05:29,57.708717,9.201435
23/06/2017 05:11:29,57.708717,9.201435
23/06/2017 05:18:31,57.709563,9.206387
23/06/2017 05:21:31,57.709843,9.207378
23/06/2017 05:23:31,57.709843,9.207378
23/06/2017 05:24:33,57.710175,9.208388
23/06/2017 05:29:31,57.710175,9.208388
23/06/2017 05:39:34,57.710555,9.212955
23/06/2017 05:41:29,57.710555,9.212955
23/06/2017 05:47:29,57.710555,9.212955
23/06/2017 05:51:33,57.711837,9.216583
23/06/2017 05:52:02,57.711870,9.217052
23/06/2017 05:52:33,57.711825,9.217435
23/06/2017 05:53:29,57.711825,9.217435
23/06/2017 05:53:30,57.711825,9.217435
23/06/2017 05:53:32,57.711753,9.217942
23/06/2017 05:54:04,57.711765,9.218210
23/06/2017 05:54:33,57.711790,9.218430
23/06/2017 05:57:33,57.711757,9.219393
23/06/2017 05:59:29,57.711757,9.219393
23/06/2017 06:00:32,57.712035,9.220195
23/06/2017 06:11:29,57.712035,9.220195
23/06/2017 06:12:34,57.712537,9.224640
23/06/2017 06:15:32,57.712712,9.225323
23/06/2017 06:17:31,57.712712,9.225323
23/06/2017 06:17:31,57.712712,9.225323
23/06/2017 06:21:34,57.713220,9.227032
23/06/2017 06:24:35,57.713338,9.228015
23/06/2017 06:29:30,57.713338,9.228015
23/06/2017 06:30:33,57.713718,9.229952
23/06/2017 06:33:36,57.714007,9.231000
23/06/2017 06:35:29,57.714007,9.231000
23/06/2017 06:35:29,57.714007,9.231000
23/06/2017 06:36:32,57.714238,9.231980
23/06/2017 06:41:30,57.714238,9.231980
23/06/2017 06:47:30,57.714238,9.231980
23/06/2017 06:47:43,57.715448,9.233763
23/06/2017 06:48:13,57.714993,9.234047
23/06/2017 06:48:45,57.714490,9.234350
23/06/2017 06:49:12,57.714063,9.234592
23/06/2017 06:51:41,57.713992,9.236112
23/06/2017 06:54:12,57.713805,9.236330
23/06/2017 06:59:12,57.714737,9.238217
23/06/2017 06:59:33,57.714737,9.238217
23/06/2017 06:59:42,57.714723,9.238505
23/06/2017 07:01:41,57.714818,9.239362
23/06/2017 07:04:43,57.714908,9.240635
23/06/2017 07:05:29,57.714908,9.240635
23/06/2017 07:05:30,57.714908,9.240635
23/06/2017 07:07:43,57.715102,9.241722
23/06/2017 07:10:44,57.715307,9.243085
23/06/2017 07:13:41,57.715060,9.244425
23/06/2017 07:16:43,57.715335,9.244915
23/06/2017 07:17:31,57.715335,9.244915
23/06/2017 07:22:12,57.715392,9.247200
23/06/2017 07:29:29,57.715392,9.247200
23/06/2017 07:29:35,57.715713,9.248342
23/06/2017 07:53:13,57.716953,9.257592
23/06/2017 07:53:31,57.716953,9.257592
23/06/2017 07:53:42,57.716928,9.257938
23/06/2017 07:54:45,57.716935,9.258375
23/06/2017 07:55:42,57.716870,9.258805
23/06/2017 07:59:29,57.716870,9.258805
23/06/2017 08:10:43,57.717907,9.265535
23/06/2017 08:13:42,57.718037,9.266825
23/06/2017 08:16:42,57.718253,9.267830
23/06/2017 08:17:29,57.718253,9.267830
23/06/2017 08:17:32,57.718253,9.267830
23/06/2017 08:23:29,57.718253,9.267830
23/06/2017 08:25:42,57.718578,9.271150
23/06/2017 08:28:42,57.718977,9.271665
23/06/2017 08:29:29,57.718977,9.271665
23/06/2017 08:33:12,57.719183,9.275468
23/06/2017 08:35:14,57.718382,9.280370
23/06/2017 08:35:30,57.718382,9.280370
23/06/2017 08:35:42,57.718215,9.281517
23/06/2017 08:37:12,57.717648,9.285153
23/06/2017 08:38:12,57.717247,9.287542
23/06/2017 08:39:13,57.716825,9.290047
23/06/2017 08:40:12,57.716425,9.292393
23/06/2017 08:41:30,57.716425,9.292393
23/06/2017 08:41:31,57.716425,9.292393
23/06/2017 08:42:42,57.715342,9.298442
23/06/2017 08:43:13,57.715142,9.299652
23/06/2017 08:43:42,57.714932,9.300827
23/06/2017 08:44:12,57.714747,9.302087
23/06/2017 08:45:12,57.714345,9.304525
23/06/2017 08:45:44,57.714133,9.305815
23/06/2017 08:46:41,57.713753,9.308060
23/06/2017 08:47:13,57.713528,9.309360
23/06/2017 08:47:29,57.713528,9.309360
23/06/2017 08:47:41,57.713342,9.310453
23/06/2017 08:48:12,57.713127,9.311642
23/06/2017 08:49:41,57.712502,9.315173
23/06/2017 08:51:11,57.711845,9.318793
23/06/2017 08:52:11,57.711397,9.321163
23/06/2017 08:53:11,57.710955,9.323538
23/06/2017 08:53:29,57.710955,9.323538
23/06/2017 08:53:29,57.710955,9.323538
23/06/2017 08:53:41,57.710752,9.324722
23/06/2017 08:54:11,57.710542,9.325830
23/06/2017 08:55:41,57.709915,9.329340
23/06/2017 08:56:12,57.709698,9.330502
23/06/2017 08:56:41,57.709478,9.331688
23/06/2017 08:57:13,57.709265,9.332922
23/06/2017 08:57:41,57.709058,9.334065
23/06/2017 08:58:41,57.708657,9.336340
23/06/2017 08:59:31,57.708657,9.336340
23/06/2017 09:00:13,57.708033,9.339922
23/06/2017 09:00:41,57.707833,9.341032
23/06/2017 09:01:41,57.707420,9.343313
23/06/2017 09:02:43,57.706988,9.345698
23/06/2017 09:03:11,57.706802,9.346737
23/06/2017 09:04:11,57.706357,9.349058
23/06/2017 09:05:10,57.705935,9.351328
23/06/2017 09:05:28,57.705935,9.351328
23/06/2017 09:05:29,57.705935,9.351328
23/06/2017 09:05:41,57.705705,9.352545
23/06/2017 09:06:11,57.705537,9.353700
23/06/2017 09:07:40,57.704975,9.357260
23/06/2017 09:08:11,57.704790,9.358460
23/06/2017 09:08:40,57.704593,9.359655
23/06/2017 09:09:12,57.704413,9.360968
23/06/2017 09:10:11,57.704078,9.363338
23/06/2017 09:11:42,57.703592,9.367053
23/06/2017 09:12:10,57.703422,9.368208
23/06/2017 09:13:10,57.703028,9.370558
23/06/2017 09:14:10,57.702623,9.372853
23/06/2017 09:15:10,57.702203,9.375242
23/06/2017 09:16:10,57.701755,9.377548
23/06/2017 09:17:30,57.701755,9.377548
23/06/2017 09:17:31,57.701755,9.377548
23/06/2017 09:18:11,57.700935,9.382217
23/06/2017 09:18:42,57.700697,9.383388
23/06/2017 09:19:10,57.700507,9.384533
23/06/2017 09:19:41,57.700282,9.385745
23/06/2017 09:20:10,57.700065,9.386810
23/06/2017 09:20:40,57.699870,9.388030
23/06/2017 09:21:10,57.699660,9.389167
23/06/2017 09:21:40,57.699445,9.390353
23/06/2017 09:22:10,57.699215,9.391567
23/06/2017 09:22:40,57.699015,9.392703
23/06/2017 09:23:28,57.699015,9.392703
23/06/2017 09:23:28,57.699015,9.392703
23/06/2017 09:24:42,57.698130,9.397535
23/06/2017 09:25:09,57.697943,9.398607
23/06/2017 09:25:41,57.697702,9.399840
23/06/2017 09:26:11,57.697503,9.400972
23/06/2017 09:26:40,57.697285,9.402147
23/06/2017 09:27:39,57.696853,9.404455
23/06/2017 09:28:42,57.696410,9.406927
23/06/2017 09:29:10,57.696212,9.408015
23/06/2017 09:29:40,57.695985,9.409223
23/06/2017 09:30:09,57.695618,9.410777
23/06/2017 09:30:40,57.695270,9.412532
23/06/2017 09:31:40,57.694610,9.415982
23/06/2017 09:33:09,57.693697,9.421160
23/06/2017 09:34:09,57.693155,9.424663
23/06/2017 09:35:29,57.693155,9.424663
23/06/2017 09:35:29,57.693155,9.424663
23/06/2017 09:36:10,57.692015,9.431678
23/06/2017 09:37:09,57.691477,9.435052
23/06/2017 09:37:39,57.691173,9.436782
23/06/2017 09:38:09,57.690855,9.438573
23/06/2017 09:38:38,57.690568,9.440250
23/06/2017 09:39:09,57.690283,9.442055
23/06/2017 09:39:39,57.690015,9.443740
23/06/2017 09:40:38,57.689443,9.447227
23/06/2017 09:41:09,57.689158,9.448950
23/06/2017 09:41:29,57.689158,9.448950
23/06/2017 09:41:39,57.688852,9.450718
23/06/2017 09:42:08,57.688562,9.452398
23/06/2017 09:42:38,57.688278,9.454127
23/06/2017 09:43:08,57.687987,9.455858
23/06/2017 09:43:39,57.687685,9.457577
23/06/2017 09:44:10,57.687362,9.459405
23/06/2017 09:44:38,57.687083,9.461017
23/06/2017 09:45:40,57.686457,9.464508
23/06/2017 09:46:09,57.686140,9.466215
23/06/2017 09:47:11,57.685473,9.469763
23/06/2017 09:47:30,57.685473,9.469763
23/06/2017 09:47:30,57.685473,9.469763
23/06/2017 09:47:39,57.685170,9.471362
23/06/2017 09:48:09,57.684880,9.473037
23/06/2017 09:49:40,57.683960,9.478258
23/06/2017 09:50:08,57.683710,9.479987
23/06/2017 09:50:38,57.683400,9.481733
23/06/2017 09:51:08,57.683128,9.483512
23/06/2017 09:51:39,57.682848,9.485287
23/06/2017 09:52:08,57.682583,9.487045
23/06/2017 09:52:38,57.682322,9.488758
23/06/2017 09:53:08,57.682043,9.490588
23/06/2017 09:53:31,57.682043,9.490588
23/06/2017 09:53:31,57.682043,9.490588
23/06/2017 09:53:39,57.681740,9.492390
23/06/2017 09:54:08,57.681467,9.494105
23/06/2017 09:54:38,57.681190,9.495857
23/06/2017 09:55:08,57.680907,9.497543
23/06/2017 09:55:41,57.680603,9.499487
23/06/2017 09:56:38,57.680068,9.502903
23/06/2017 09:57:08,57.679752,9.504643
23/06/2017 09:58:08,57.679152,9.508125
23/06/2017 09:59:09,57.678542,9.511623
23/06/2017 09:59:28,57.678542,9.511623
23/06/2017 09:59:28,57.678542,9.511623
23/06/2017 09:59:38,57.678237,9.513288
23/06/2017 10:00:09,57.677913,9.515168
23/06/2017 10:00:38,57.677607,9.516843
23/06/2017 10:02:08,57.676690,9.522073
23/06/2017 10:02:38,57.676395,9.523763
23/06/2017 10:03:07,57.676107,9.525527
23/06/2017 10:03:38,57.675795,9.527270
23/06/2017 10:04:08,57.675482,9.529058
23/06/2017 10:04:37,57.675185,9.530757
23/06/2017 10:05:08,57.674862,9.532480
23/06/2017 10:05:28,57.674862,9.532480
23/06/2017 10:05:31,57.674862,9.532480
23/06/2017 10:05:38,57.674535,9.534275
23/06/2017 10:06:08,57.674258,9.535970
23/06/2017 10:06:38,57.673930,9.537760
23/06/2017 10:08:08,57.673023,9.542912
23/06/2017 10:08:37,57.672710,9.544640
23/06/2017 10:09:07,57.672410,9.546372
23/06/2017 10:09:37,57.672110,9.548105
23/06/2017 10:10:07,57.671785,9.549813
23/06/2017 10:10:37,57.671490,9.551472
23/06/2017 10:11:07,57.671162,9.553248
23/06/2017 10:11:28,57.671162,9.553248
23/06/2017 10:11:37,57.670850,9.554908
23/06/2017 10:12:07,57.670553,9.556640
23/06/2017 10:12:40,57.670205,9.558530
23/06/2017 10:13:07,57.669927,9.560138
23/06/2017 10:14:08,57.669293,9.563617
23/06/2017 10:14:37,57.669007,9.565272
23/06/2017 10:15:08,57.668688,9.567020
23/06/2017 10:16:07,57.668107,9.570347
23/06/2017 10:17:07,57.667565,9.573665
23/06/2017 10:17:29,57.667565,9.573665
23/06/2017 10:17:29,57.667565,9.573665
23/06/2017 10:17:37,57.667303,9.575360
23/06/2017 10:18:07,57.667010,9.577090
23/06/2017 10:18:36,57.666745,9.578727
23/06/2017 10:19:07,57.666450,9.580460
23/06/2017 10:19:37,57.666167,9.582155
23/06/2017 10:20:07,57.665892,9.583863
23/06/2017 10:20:37,57.665610,9.585558
23/06/2017 10:21:06,57.665338,9.587212
23/06/2017 10:22:07,57.664792,9.590645
23/06/2017 10:22:38,57.664477,9.592465
23/06/2017 10:23:06,57.664218,9.594055
23/06/2017 10:23:29,57.664218,9.594055
23/06/2017 10:23:37,57.663888,9.595797
23/06/2017 10:24:08,57.663598,9.597507
23/06/2017 10:24:36,57.663300,9.599142
23/06/2017 10:25:07,57.662983,9.600897
23/06/2017 10:25:37,57.662700,9.602543
23/06/2017 10:26:06,57.662400,9.604232
23/06/2017 10:26:37,57.662072,9.605978
23/06/2017 10:27:07,57.661777,9.607615
23/06/2017 10:27:40,57.661445,9.609532
23/06/2017 10:28:09,57.661168,9.611115
23/06/2017 10:29:06,57.660587,9.614383
23/06/2017 10:29:28,57.660587,9.614383
23/06/2017 10:29:29,57.660587,9.614383
23/06/2017 10:29:36,57.660297,9.616080
23/06/2017 10:30:36,57.659698,9.619388
23/06/2017 10:31:06,57.659397,9.621138
23/06/2017 10:32:37,57.658495,9.626192
23/06/2017 10:33:06,57.658190,9.627870
23/06/2017 10:33:36,57.657902,9.629505
23/06/2017 10:34:06,57.657583,9.631183
23/06/2017 10:34:35,57.657265,9.632863
23/06/2017 10:35:07,57.656938,9.634688
23/06/2017 10:35:28,57.656938,9.634688
23/06/2017 10:35:31,57.656938,9.634688
23/06/2017 10:35:36,57.656627,9.636322
23/06/2017 10:36:06,57.656318,9.638028
23/06/2017 10:36:36,57.656012,9.639725
23/06/2017 10:37:05,57.655705,9.641362
23/06/2017 10:37:37,57.655382,9.643117
23/06/2017 10:38:05,57.655078,9.644765
23/06/2017 10:38:38,57.654725,9.646617
23/06/2017 10:39:07,57.654428,9.648273
23/06/2017 10:39:35,57.654130,9.649863
23/06/2017 10:40:07,57.653797,9.651695
23/06/2017 10:41:06,57.653197,9.655087
23/06/2017 10:41:28,57.653197,9.655087
23/06/2017 10:41:29,57.653197,9.655087
23/06/2017 10:42:05,57.652595,9.658453
23/06/2017 10:42:35,57.652310,9.660190
23/06/2017 10:43:05,57.652012,9.661918
23/06/2017 10:43:35,57.651682,9.663625
23/06/2017 10:44:06,57.651415,9.665377
23/06/2017 10:44:35,57.651105,9.667125
23/06/2017 10:45:05,57.650798,9.668850
23/06/2017 10:45:35,57.650487,9.670580
23/06/2017 10:46:05,57.650172,9.672305
23/06/2017 10:46:35,57.649855,9.674037
23/06/2017 10:47:06,57.649568,9.675785
23/06/2017 10:47:28,57.649568,9.675785
23/06/2017 10:47:29,57.649568,9.675785
23/06/2017 10:47:36,57.649242,9.677572
23/06/2017 10:48:06,57.648953,9.679320
23/06/2017 10:50:05,57.647805,9.686165
23/06/2017 10:50:35,57.647492,9.687958
23/06/2017 10:51:06,57.647175,9.689690
23/06/2017 10:51:38,57.646855,9.691550
23/06/2017 10:52:36,57.646280,9.694915
23/06/2017 10:53:06,57.645955,9.696703
23/06/2017 10:53:30,57.645955,9.696703
23/06/2017 10:53:31,57.645955,9.696703
23/06/2017 10:53:35,57.645665,9.698330
23/06/2017 10:54:05,57.645363,9.700075
23/06/2017 10:54:36,57.645030,9.701935
23/06/2017 10:55:35,57.644433,9.705377
23/06/2017 10:56:34,57.643822,9.708807
23/06/2017 10:57:05,57.643508,9.710562
23/06/2017 10:57:36,57.643193,9.712360
23/06/2017 10:58:05,57.642878,9.714107
23/06/2017 10:59:04,57.642263,9.717548
23/06/2017 10:59:28,57.642263,9.717548
23/06/2017 10:59:28,57.642263,9.717548
23/06/2017 10:59:35,57.641922,9.719333
23/06/2017 11:01:04,57.641030,9.724520
23/06/2017 11:01:35,57.640740,9.726348
23/06/2017 11:02:04,57.640472,9.728053
23/06/2017 11:02:34,57.640187,9.729822
23/06/2017 11:03:04,57.639908,9.731588
23/06/2017 11:03:34,57.639618,9.733345
23/06/2017 11:04:04,57.639347,9.735125
23/06/2017 11:04:35,57.639043,9.736945
23/06/2017 11:05:04,57.638757,9.738643
23/06/2017 11:05:29,57.638757,9.738643
23/06/2017 11:05:29,57.638757,9.738643
23/06/2017 11:05:35,57.638482,9.740425
23/06/2017 11:06:04,57.638192,9.742190
23/06/2017 11:06:36,57.637883,9.744015
23/06/2017 11:07:34,57.637312,9.747432
23/06/2017 11:08:04,57.637010,9.749188
23/06/2017 11:08:34,57.636728,9.751035
23/06/2017 11:09:04,57.636390,9.752762
23/06/2017 11:09:34,57.636088,9.754443
23/06/2017 11:10:04,57.635790,9.756258
23/06/2017 11:10:34,57.635453,9.757973
23/06/2017 11:11:27,57.635453,9.757973
23/06/2017 11:11:29,57.635453,9.757973
23/06/2017 11:11:35,57.634817,9.761518
23/06/2017 11:12:04,57.634503,9.763152
23/06/2017 11:12:33,57.634180,9.764903
23/06/2017 11:13:04,57.633838,9.766677
23/06/2017 11:13:34,57.633515,9.768428
23/06/2017 11:14:04,57.633198,9.770180
23/06/2017 11:14:35,57.632862,9.771900
23/06/2017 11:15:06,57.632508,9.773743
23/06/2017 11:15:36,57.632188,9.775408
23/06/2017 11:16:04,57.631903,9.777030
23/06/2017 11:16:33,57.631582,9.778758
23/06/2017 11:17:04,57.631265,9.780497
23/06/2017 11:17:27,57.631265,9.780497
23/06/2017 11:17:28,57.631265,9.780497
23/06/2017 11:17:33,57.630925,9.782220
23/06/2017 11:18:05,57.630573,9.784008
23/06/2017 11:18:33,57.630252,9.785683
23/06/2017 11:19:03,57.629920,9.787437
23/06/2017 11:19:33,57.629618,9.789183
23/06/2017 11:20:04,57.629305,9.790955
23/06/2017 11:20:35,57.628948,9.792808
23/06/2017 11:21:04,57.628662,9.794518
23/06/2017 11:21:33,57.628400,9.796250
23/06/2017 11:22:05,57.628080,9.798138
23/06/2017 11:22:35,57.627765,9.799908
23/06/2017 11:23:28,57.627765,9.799908
23/06/2017 11:23:29,57.627765,9.799908
23/06/2017 11:24:03,57.626847,9.805100
23/06/2017 11:24:33,57.626537,9.806870
23/06/2017 11:25:04,57.626238,9.808642
23/06/2017 11:25:33,57.625940,9.810413
23/06/2017 11:26:03,57.625640,9.812188
23/06/2017 11:26:36,57.625310,9.814077
23/06/2017 11:27:03,57.625043,9.815738
23/06/2017 11:27:33,57.624727,9.817498
23/06/2017 11:28:04,57.624365,9.819112
23/06/2017 11:28:33,57.624072,9.820812
23/06/2017 11:29:03,57.623772,9.822655
23/06/2017 11:29:27,57.623772,9.822655
23/06/2017 11:29:28,57.623772,9.822655
23/06/2017 11:29:33,57.623470,9.824350
23/06/2017 11:30:03,57.623153,9.826107
23/06/2017 11:30:35,57.622802,9.828017
23/06/2017 11:31:04,57.622507,9.829653
23/06/2017 11:31:35,57.622178,9.831455
23/06/2017 11:32:03,57.621873,9.833148
23/06/2017 11:32:33,57.621587,9.834860
23/06/2017 11:33:04,57.621282,9.836683
23/06/2017 11:33:34,57.620987,9.838448
23/06/2017 11:34:04,57.620663,9.840260
23/06/2017 11:34:33,57.620375,9.841953
23/06/2017 11:35:03,57.620088,9.843647
23/06/2017 11:35:27,57.620088,9.843647
23/06/2017 11:35:29,57.620088,9.843647
23/06/2017 11:35:33,57.619787,9.845392
23/06/2017 11:36:02,57.619492,9.847138
23/06/2017 11:36:33,57.619192,9.848943
23/06/2017 11:37:03,57.618908,9.850633
23/06/2017 11:37:33,57.618613,9.852448
23/06/2017 11:38:04,57.618318,9.854197
23/06/2017 11:38:33,57.618023,9.855888
23/06/2017 11:39:05,57.617712,9.857820
23/06/2017 11:39:33,57.617423,9.859435
23/06/2017 11:40:04,57.617135,9.861195
23/06/2017 11:40:33,57.616852,9.862960
23/06/2017 11:41:02,57.616567,9.864658
23/06/2017 11:41:28,57.616567,9.864658
23/06/2017 11:41:28,57.616567,9.864658
23/06/2017 11:41:34,57.616252,9.866543
23/06/2017 11:42:32,57.615703,9.869932
23/06/2017 11:43:04,57.615358,9.871877
23/06/2017 11:43:35,57.615035,9.873648
23/06/2017 11:44:02,57.614750,9.875302
23/06/2017 11:44:32,57.614458,9.877042
23/06/2017 11:45:03,57.614100,9.878927
23/06/2017 11:45:35,57.613788,9.880783
23/06/2017 11:46:03,57.613465,9.882502
23/06/2017 11:46:32,57.613158,9.884188
23/06/2017 11:47:02,57.612843,9.886080
23/06/2017 11:47:28,57.612843,9.886080
23/06/2017 11:47:28,57.612843,9.886080
23/06/2017 11:47:32,57.612520,9.887835
23/06/2017 11:48:02,57.612192,9.889740
23/06/2017 11:48:32,57.611868,9.891497
23/06/2017 11:49:02,57.611540,9.893375
23/06/2017 11:49:34,57.611207,9.895322
23/06/2017 11:50:03,57.610887,9.896995
23/06/2017 11:50:31,57.610560,9.898738
23/06/2017 11:51:03,57.610218,9.900617
23/06/2017 11:51:31,57.609870,9.902340
23/06/2017 11:52:02,57.609497,9.904180
23/06/2017 11:52:33,57.609130,9.905972
23/06/2017 11:53:03,57.608780,9.907843
23/06/2017 11:53:28,57.608780,9.907843
23/06/2017 11:53:29,57.608780,9.907843
23/06/2017 11:53:34,57.608448,9.909730
23/06/2017 11:54:03,57.608150,9.911445
23/06/2017 11:54:32,57.607808,9.913282
23/06/2017 11:55:03,57.607460,9.915185
23/06/2017 11:55:33,57.607135,9.917043
23/06/2017 11:56:02,57.606833,9.918763
23/06/2017 11:56:33,57.606487,9.920727
23/06/2017 11:57:01,57.606182,9.922455
23/06/2017 11:57:34,57.605817,9.924487
23/06/2017 11:58:02,57.605518,9.926223
23/06/2017 11:59:01,57.604898,9.929920
23/06/2017 11:59:28,57.604898,9.929920
23/06/2017 11:59:28,57.604898,9.929920
23/06/2017 11:59:31,57.604557,9.931758
23/06/2017 12:00:02,57.604238,9.933600
23/06/2017 12:00:31,57.603933,9.935465
23/06/2017 12:01:02,57.603620,9.937383
23/06/2017 12:01:31,57.603328,9.939187
23/06/2017 12:02:01,57.603030,9.941057
23/06/2017 12:02:31,57.602720,9.942920
23/06/2017 12:03:01,57.602405,9.944732
23/06/2017 12:03:32,57.602063,9.946677
23/06/2017 12:04:02,57.601738,9.948540
23/06/2017 12:04:31,57.601415,9.950397
23/06/2017 12:05:02,57.601083,9.952220
23/06/2017 12:05:27,57.601083,9.952220
23/06/2017 12:05:28,57.601083,9.952220
23/06/2017 12:05:31,57.600778,9.954008
23/06/2017 12:06:04,57.600413,9.956033
23/06/2017 12:06:31,57.599813,9.956988
23/06/2017 12:07:03,57.598955,9.957953
23/06/2017 12:07:31,57.598192,9.958773
23/06/2017 12:08:01,57.597347,9.959658
23/06/2017 12:08:32,57.596508,9.960643
23/06/2017 12:09:02,57.595853,9.961908
23/06/2017 12:09:31,57.595200,9.963145
23/06/2017 12:10:31,57.594025,9.961797
23/06/2017 12:11:00,57.593503,9.962642
23/06/2017 12:11:31,57.593503,9.962642
23/06/2017 12:12:32,57.593092,9.964368
23/06/2017 12:13:00,57.593102,9.964322
23/06/2017 12:13:31,57.593080,9.964315
23/06/2017 12:14:00,57.593067,9.964288
23/06/2017 12:14:31,57.593097,9.964283
23/06/2017 12:15:02,57.593088,9.964298
23/06/2017 12:17:29,57.593088,9.964298
23/06/2017 12:17:30,57.593097,9.964258
23/06/2017 12:17:30,57.593097,9.964258
23/06/2017 12:20:30,57.593050,9.964275
23/06/2017 12:23:28,57.593050,9.964275
23/06/2017 12:23:28,57.593050,9.964275
23/06/2017 12:23:30,57.593132,9.964322
23/06/2017 12:26:30,57.593105,9.964325
23/06/2017 12:29:28,57.593105,9.964325
23/06/2017 12:29:28,57.593105,9.964325
23/06/2017 12:29:30,57.593115,9.964312
23/06/2017 12:30:23,57.593157,9.964220
23/06/2017 12:30:49,57.593353,9.963527
23/06/2017 12:31:48,57.594087,9.961652
23/06/2017 12:32:19,57.594088,9.960570
23/06/2017 12:32:49,57.593613,9.960042
23/06/2017 12:33:18,57.593472,9.960360
23/06/2017 12:33:48,57.593587,9.960500
23/06/2017 12:34:18,57.593597,9.960515
23/06/2017 12:34:48,57.593595,9.960522
23/06/2017 12:35:19,57.593600,9.960510
23/06/2017 12:35:28,57.593600,9.960510
23/06/2017 12:35:49,57.593603,9.960507
23/06/2017 12:38:48,57.593575,9.960487
23/06/2017 12:41:27,57.593575,9.960487
23/06/2017 12:41:48,57.593590,9.960505
23/06/2017 12:47:27,57.593590,9.960505
23/06/2017 12:47:28,57.593590,9.960505
23/06/2017 12:47:48,57.593582,9.960507
23/06/2017 12:50:48,57.593593,9.960520
23/06/2017 12:53:27,57.593593,9.960520
23/06/2017 12:53:29,57.593593,9.960520
23/06/2017 12:53:50,57.593592,9.960525
23/06/2017 12:56:48,57.593590,9.960515
23/06/2017 12:59:29,57.593590,9.960515
23/06/2017 12:59:31,57.593590,9.960515
23/06/2017 12:59:48,57.593587,9.960500
23/06/2017 13:02:48,57.593595,9.960512
23/06/2017 13:05:28,57.593595,9.960512
23/06/2017 13:05:28,57.593595,9.960512
23/06/2017 13:05:48,57.593577,9.960498
23/06/2017 13:08:50,57.593598,9.960518
23/06/2017 13:11:27,57.593598,9.960518
23/06/2017 13:11:28,57.593598,9.960518
23/06/2017 13:11:48,57.593578,9.960507
23/06/2017 13:17:27,57.593578,9.960507
23/06/2017 13:17:50,57.593592,9.960523
23/06/2017 13:20:49,57.593588,9.960518
23/06/2017 13:23:28,57.593588,9.960518
23/06/2017 13:23:29,57.593588,9.960518
23/06/2017 13:23:47,57.593588,9.960530
23/06/2017 13:26:47,57.593603,9.960533
23/06/2017 13:29:30,57.593603,9.960533
23/06/2017 13:32:47,57.593577,9.960555
23/06/2017 13:35:28,57.593577,9.960555
23/06/2017 13:35:28,57.593577,9.960555
23/06/2017 13:41:29,57.593577,9.960555
23/06/2017 13:41:29,57.593577,9.960555
23/06/2017 13:41:48,57.593582,9.960535
23/06/2017 13:44:49,57.593592,9.960542
23/06/2017 13:47:27,57.593592,9.960542
23/06/2017 13:47:28,57.593592,9.960542
23/06/2017 13:47:47,57.593583,9.960558
23/06/2017 13:50:47,57.593592,9.960548
23/06/2017 13:53:29,57.593592,9.960548
23/06/2017 13:53:29,57.593592,9.960548
23/06/2017 13:53:48,57.593587,9.960543
23/06/2017 13:56:49,57.593598,9.960532
23/06/2017 13:59:28,57.593598,9.960532
23/06/2017 13:59:47,57.593588,9.960533
23/06/2017 14:02:47,57.593595,9.960548
23/06/2017 14:05:27,57.593595,9.960548
23/06/2017 14:05:29,57.593595,9.960548
23/06/2017 14:05:47,57.593592,9.960542
23/06/2017 14:08:48,57.593605,9.960538
23/06/2017 14:11:28,57.593605,9.960538
23/06/2017 14:11:28,57.593605,9.960538
23/06/2017 14:14:47,57.593595,9.960528
23/06/2017 14:17:28,57.593595,9.960528
23/06/2017 14:17:29,57.593595,9.960528
23/06/2017 14:17:51,57.593630,9.960545
23/06/2017 14:20:49,57.593595,9.960545
23/06/2017 14:23:27,57.593595,9.960545
23/06/2017 14:23:27,57.593595,9.960545
23/06/2017 14:23:47,57.593592,9.960532
23/06/2017 14:26:47,57.593590,9.960537
23/06/2017 14:29:28,57.593590,9.960537
23/06/2017 14:29:29,57.593590,9.960537
23/06/2017 14:29:48,57.593607,9.960550
23/06/2017 14:32:47,57.593595,9.960555
23/06/2017 14:35:28,57.593595,9.960555
23/06/2017 14:35:29,57.593595,9.960555
23/06/2017 14:35:48,57.593613,9.960540
23/06/2017 14:38:48,57.593605,9.960545
23/06/2017 14:41:28,57.593605,9.960545
23/06/2017 14:41:48,57.593593,9.960517
23/06/2017 14:44:48,57.593605,9.960538
23/06/2017 14:47:27,57.593605,9.960538
23/06/2017 14:47:47,57.593603,9.960542
23/06/2017 14:50:47,57.593603,9.960527
23/06/2017 14:53:27,57.593603,9.960527
23/06/2017 14:53:27,57.593603,9.960527
23/06/2017 14:53:46,57.593608,9.960537
23/06/2017 14:56:46,57.593592,9.960530
23/06/2017 14:59:28,57.593592,9.960530
23/06/2017 14:59:28,57.593592,9.960530
23/06/2017 14:59:47,57.593600,9.960520
23/06/2017 15:02:48,57.593602,9.960550
23/06/2017 15:05:27,57.593602,9.960550
23/06/2017 15:05:51,57.593588,9.960532
23/06/2017 15:08:49,57.593605,9.960552
23/06/2017 15:11:28,57.593605,9.960552
23/06/2017 15:11:46,57.593595,9.960550
23/06/2017 15:14:46,57.593598,9.960540
23/06/2017 15:17:26,57.593598,9.960540
23/06/2017 15:17:27,57.593598,9.960540
23/06/2017 15:17:46,57.593595,9.960528
23/06/2017 15:20:46,57.593595,9.960537
23/06/2017 15:23:28,57.593595,9.960537
23/06/2017 15:23:29,57.593595,9.960537
23/06/2017 15:23:47,57.593598,9.960537
23/06/2017 15:26:48,57.593590,9.960540
23/06/2017 15:29:27,57.593590,9.960540
23/06/2017 15:29:28,57.593590,9.960540
23/06/2017 15:29:47,57.593598,9.960522
23/06/2017 15:32:46,57.593597,9.960532
23/06/2017 15:35:28,57.593597,9.960532
23/06/2017 15:35:28,57.593597,9.960532
23/06/2017 15:35:48,57.593592,9.960530
23/06/2017 15:38:48,57.593598,9.960530
23/06/2017 15:41:27,57.593598,9.960530
23/06/2017 15:41:28,57.593598,9.960530
23/06/2017 15:41:48,57.593588,9.960547
23/06/2017 15:44:46,57.593578,9.960523
23/06/2017 15:47:28,57.593578,9.960523
23/06/2017 15:47:29,57.593578,9.960523
23/06/2017 15:47:46,57.593593,9.960525
23/06/2017 15:50:47,57.593588,9.960532
23/06/2017 15:53:31,57.593588,9.960532
23/06/2017 15:53:47,57.593582,9.960530
23/06/2017 15:59:27,57.593582,9.960530
23/06/2017 15:59:27,57.593582,9.960530
23/06/2017 15:59:46,57.593590,9.960512
23/06/2017 16:02:46,57.593577,9.960510
23/06/2017 16:05:28,57.593577,9.960510
23/06/2017 16:05:29,57.593577,9.960510
23/06/2017 16:05:47,57.593575,9.960515
23/06/2017 16:08:46,57.593592,9.960525
23/06/2017 16:11:29,57.593592,9.960525
23/06/2017 16:11:30,57.593592,9.960525
23/06/2017 16:11:46,57.593588,9.960530
23/06/2017 16:14:46,57.593575,9.960540
23/06/2017 16:17:26,57.593575,9.960540
23/06/2017 16:17:28,57.593575,9.960540
23/06/2017 16:17:46,57.593590,9.960532
23/06/2017 16:20:50,57.593590,9.960525
23/06/2017 16:23:27,57.593590,9.960525
23/06/2017 16:23:29,57.593590,9.960525
23/06/2017 16:23:48,57.593577,9.960513
23/06/2017 16:26:48,57.593582,9.960527
23/06/2017 16:29:27,57.593582,9.960527
23/06/2017 16:29:27,57.593582,9.960527
23/06/2017 16:29:46,57.593563,9.960515
23/06/2017 16:32:48,57.593580,9.960530
23/06/2017 16:35:26,57.593580,9.960530
23/06/2017 16:35:27,57.593580,9.960530
23/06/2017 16:35:46,57.593577,9.960530
23/06/2017 16:41:27,57.593577,9.960530
23/06/2017 16:41:27,57.593577,9.960530
23/06/2017 16:41:46,57.593587,9.960518
23/06/2017 16:44:46,57.593577,9.960513
23/06/2017 16:47:26,57.593577,9.960513
23/06/2017 16:47:28,57.593577,9.960513
23/06/2017 16:47:46,57.593568,9.960522
23/06/2017 16:50:46,57.593585,9.960520
23/06/2017 16:53:28,57.593585,9.960520
23/06/2017 16:53:32,57.593585,9.960520
23/06/2017 16:56:47,57.593600,9.960513
23/06/2017 16:59:26,57.593600,9.960513
23/06/2017 16:59:28,57.593600,9.960513
23/06/2017 16:59:46,57.593597,9.960508
23/06/2017 17:02:47,57.593593,9.960512
23/06/2017 17:05:28,57.593593,9.960512
23/06/2017 17:05:29,57.593593,9.960512
23/06/2017 17:05:45,57.593602,9.960500
23/06/2017 17:08:45,57.593607,9.960507
23/06/2017 17:11:27,57.593607,9.960507
23/06/2017 17:11:28,57.593607,9.960507
23/06/2017 17:11:45,57.593612,9.960502
23/06/2017 17:14:46,57.593610,9.960523
23/06/2017 17:17:26,57.593610,9.960523
23/06/2017 17:17:27,57.593610,9.960523
23/06/2017 17:17:45,57.593617,9.960510
23/06/2017 17:20:47,57.593610,9.960518
23/06/2017 17:23:26,57.593610,9.960518
23/06/2017 17:23:27,57.593610,9.960518
23/06/2017 17:23:45,57.593605,9.960510
23/06/2017 17:26:46,57.593602,9.960517
23/06/2017 17:29:27,57.593602,9.960517
23/06/2017 17:29:27,57.593602,9.960517
23/06/2017 17:29:45,57.593602,9.960495
23/06/2017 17:32:46,57.593597,9.960495
23/06/2017 17:35:26,57.593597,9.960495
23/06/2017 17:35:27,57.593597,9.960495
23/06/2017 17:35:47,57.593598,9.960515
23/06/2017 17:38:45,57.593587,9.960483
23/06/2017 17:41:27,57.593587,9.960483
23/06/2017 17:41:27,57.593587,9.960483
23/06/2017 17:41:47,57.593592,9.960485
23/06/2017 17:44:50,57.593598,9.960508
23/06/2017 17:47:26,57.593598,9.960508
23/06/2017 17:47:27,57.593598,9.960508
23/06/2017 17:47:47,57.593590,9.960500
23/06/2017 17:50:46,57.593592,9.960488
23/06/2017 17:53:27,57.593592,9.960488
23/06/2017 17:53:31,57.593592,9.960488
23/06/2017 17:53:45,57.593590,9.960485
23/06/2017 17:56:45,57.593587,9.960487
23/06/2017 17:59:26,57.593587,9.960487
23/06/2017 17:59:27,57.593587,9.960487
23/06/2017 17:59:46,57.593570,9.960460
23/06/2017 18:02:46,57.593577,9.960475
23/06/2017 18:05:27,57.593577,9.960475
23/06/2017 18:05:27,57.593577,9.960475
23/06/2017 18:05:45,57.593573,9.960472
23/06/2017 18:08:46,57.593580,9.960477
23/06/2017 18:11:26,57.593580,9.960477
23/06/2017 18:11:26,57.593580,9.960477
23/06/2017 18:11:47,57.593588,9.960490
23/06/2017 18:14:45,57.593572,9.960470
23/06/2017 18:17:26,57.593572,9.960470
23/06/2017 18:17:27,57.593572,9.960470
23/06/2017 18:17:46,57.593570,9.960465
23/06/2017 18:20:47,57.593572,9.960483
23/06/2017 18:23:26,57.593572,9.960483
23/06/2017 18:23:29,57.593572,9.960483
23/06/2017 18:23:47,57.593575,9.960480
23/06/2017 18:26:49,57.593573,9.960488
23/06/2017 18:29:26,57.593573,9.960488
23/06/2017 18:29:26,57.593573,9.960488
23/06/2017 18:29:45,57.593590,9.960493
23/06/2017 18:35:26,57.593590,9.960493
23/06/2017 18:35:26,57.593590,9.960493
23/06/2017 18:35:46,57.593582,9.960505
23/06/2017 18:38:46,57.593585,9.960505
23/06/2017 18:41:26,57.593585,9.960505
23/06/2017 18:41:28,57.593585,9.960505
23/06/2017 18:41:48,57.593593,9.960487
23/06/2017 18:44:44,57.593572,9.960490
23/06/2017 18:47:27,57.593572,9.960490
23/06/2017 18:47:30,57.593572,9.960490
23/06/2017 18:47:46,57.593593,9.960475
23/06/2017 18:50:45,57.593592,9.960485
23/06/2017 18:53:26,57.593592,9.960485
23/06/2017 18:53:27,57.593592,9.960485
23/06/2017 18:53:47,57.593598,9.960480
23/06/2017 18:56:48,57.593577,9.960490
23/06/2017 18:59:26,57.593577,9.960490
23/06/2017 18:59:26,57.593577,9.960490
23/06/2017 18:59:45,57.593583,9.960478
23/06/2017 19:05:28,57.593583,9.960478
23/06/2017 19:05:28,57.593583,9.960478
23/06/2017 19:05:45,57.593597,9.960473
23/06/2017 19:08:46,57.593592,9.960473
23/06/2017 19:11:26,57.593592,9.960473
23/06/2017 19:11:26,57.593592,9.960473
23/06/2017 19:11:46,57.593595,9.960475
23/06/2017 19:14:45,57.593585,9.960477
23/06/2017 19:17:27,57.593585,9.960477
23/06/2017 19:17:29,57.593585,9.960477
23/06/2017 19:17:47,57.593587,9.960462
23/06/2017 19:20:45,57.593587,9.960480
23/06/2017 19:23:26,57.593587,9.960480
23/06/2017 19:23:26,57.593587,9.960480
23/06/2017 19:23:46,57.593588,9.960463
23/06/2017 19:26:45,57.593585,9.960503
23/06/2017 19:29:26,57.593585,9.960503
23/06/2017 19:29:28,57.593585,9.960503
23/06/2017 19:29:44,57.593588,9.960505
23/06/2017 19:32:44,57.593585,9.960478
23/06/2017 19:35:26,57.593585,9.960478
23/06/2017 19:35:28,57.593585,9.960478
23/06/2017 19:35:45,57.593598,9.960475
23/06/2017 19:41:26,57.593598,9.960475
23/06/2017 19:41:26,57.593598,9.960475
23/06/2017 19:41:47,57.593597,9.960485
23/06/2017 19:44:45,57.593590,9.960483
23/06/2017 19:47:27,57.593590,9.960483
23/06/2017 19:47:27,57.593590,9.960483
23/06/2017 19:47:44,57.593600,9.960490
23/06/2017 19:50:45,57.593592,9.960492
23/06/2017 19:53:28,57.593592,9.960492
23/06/2017 19:53:44,57.593603,9.960502
23/06/2017 19:56:44,57.593595,9.960498
23/06/2017 19:59:26,57.593595,9.960498
23/06/2017 19:59:45,57.593593,9.960487
23/06/2017 20:02:46,57.593598,9.960480
23/06/2017 20:05:26,57.593598,9.960480
23/06/2017 20:05:27,57.593598,9.960480
23/06/2017 20:05:44,57.593600,9.960492
23/06/2017 20:08:44,57.593605,9.960515
23/06/2017 20:11:26,57.593605,9.960515
23/06/2017 20:11:27,57.593605,9.960515
23/06/2017 20:11:44,57.593592,9.960512
23/06/2017 20:14:44,57.593595,9.960507
23/06/2017 20:17:25,57.593595,9.960507
23/06/2017 20:17:26,57.593595,9.960507
23/06/2017 20:17:45,57.593578,9.960492
23/06/2017 20:20:44,57.593573,9.960497
23/06/2017 20:23:25,57.593573,9.960497
23/06/2017 20:23:26,57.593573,9.960497
23/06/2017 20:23:46,57.593575,9.960502
23/06/2017 20:26:45,57.593577,9.960508
23/06/2017 20:29:25,57.593577,9.960508
23/06/2017 20:29:26,57.593577,9.960508
23/06/2017 20:29:44,57.593587,9.960493
23/06/2017 20:32:44,57.593585,9.960488
23/06/2017 20:35:25,57.593585,9.960488
23/06/2017 20:35:26,57.593585,9.960488
23/06/2017 20:35:44,57.593568,9.960493
23/06/2017 20:38:45,57.593577,9.960502
23/06/2017 20:41:25,57.593577,9.960502
23/06/2017 20:41:25,57.593577,9.960502
23/06/2017 20:41:44,57.593575,9.960475
23/06/2017 20:44:44,57.593563,9.960492
23/06/2017 20:47:25,57.593563,9.960492
23/06/2017 20:47:27,57.593563,9.960492
23/06/2017 20:47:44,57.593570,9.960498
23/06/2017 20:50:44,57.593573,9.960518
23/06/2017 20:53:26,57.593573,9.960518
23/06/2017 20:53:27,57.593573,9.960518
23/06/2017 20:56:44,57.593570,9.960515
23/06/2017 20:59:25,57.593570,9.960515
23/06/2017 20:59:26,57.593570,9.960515
23/06/2017 20:59:43,57.593563,9.960510
23/06/2017 21:02:43,57.593570,9.960523
23/06/2017 21:05:27,57.593570,9.960523
23/06/2017 21:05:45,57.593567,9.960520
23/06/2017 21:08:43,57.593555,9.960507
23/06/2017 21:11:26,57.593555,9.960507
23/06/2017 21:11:26,57.593555,9.960507
23/06/2017 21:14:44,57.593583,9.960525
23/06/2017 21:17:25,57.593583,9.960525
23/06/2017 21:17:26,57.593583,9.960525
23/06/2017 21:17:43,57.593585,9.960520
23/06/2017 21:20:45,57.593598,9.960530
23/06/2017 21:23:25,57.593598,9.960530
23/06/2017 21:23:26,57.593598,9.960530
23/06/2017 21:23:44,57.593578,9.960512
23/06/2017 21:26:45,57.593583,9.960527
23/06/2017 21:29:25,57.593583,9.960527
23/06/2017 21:29:26,57.593583,9.960527
23/06/2017 21:29:44,57.593583,9.960535
23/06/2017 21:32:44,57.593585,9.960517
23/06/2017 21:35:25,57.593585,9.960517
23/06/2017 21:35:28,57.593585,9.960517
23/06/2017 21:35:43,57.593587,9.960530
23/06/2017 21:38:43,57.593578,9.960542
23/06/2017 21:41:26,57.593578,9.960542
23/06/2017 21:41:28,57.593578,9.960542
23/06/2017 21:41:46,57.593580,9.960518
23/06/2017 21:44:44,57.593578,9.960528
23/06/2017 21:47:25,57.593578,9.960528
23/06/2017 21:47:26,57.593578,9.960528
23/06/2017 21:47:44,57.593580,9.960533
23/06/2017 21:50:43,57.593577,9.960507
23/06/2017 21:53:25,57.593577,9.960507
23/06/2017 21:53:46,57.593583,9.960525
23/06/2017 21:56:44,57.593578,9.960528
23/06/2017 21:59:25,57.593578,9.960528
23/06/2017 21:59:25,57.593578,9.960528
23/06/2017 22:02:43,57.593588,9.960517
23/06/2017 22:05:26,57.593588,9.960517
23/06/2017 22:05:26,57.593588,9.960517
23/06/2017 22:05:43,57.593583,9.960507
23/06/2017 22:08:44,57.593583,9.960505
23/06/2017 22:11:25,57.593583,9.960505
23/06/2017 22:11:28,57.593583,9.960505
23/06/2017 22:11:45,57.593585,9.960493
23/06/2017 22:14:43,57.593587,9.960512
23/06/2017 22:17:25,57.593587,9.960512
23/06/2017 22:17:27,57.593587,9.960512
23/06/2017 22:17:44,57.593588,9.960533
23/06/2017 22:20:43,57.593585,9.960530
23/06/2017 22:23:25,57.593585,9.960530
23/06/2017 22:23:26,57.593585,9.960530
23/06/2017 22:23:44,57.593572,9.960523
23/06/2017 22:26:43,57.593587,9.960525
23/06/2017 22:29:25,57.593587,9.960525
23/06/2017 22:29:26,57.593587,9.960525
23/06/2017 22:32:43,57.593578,9.960518
23/06/2017 22:35:26,57.593578,9.960518
23/06/2017 22:35:27,57.593578,9.960518
23/06/2017 22:35:43,57.593587,9.960528
23/06/2017 22:38:42,57.593560,9.960537
23/06/2017 22:41:25,57.593560,9.960537
23/06/2017 22:41:26,57.593560,9.960537
23/06/2017 22:41:43,57.593577,9.960537
23/06/2017 22:44:43,57.593590,9.960532
23/06/2017 22:47:25,57.593590,9.960532
23/06/2017 22:47:26,57.593590,9.960532
23/06/2017 22:47:44,57.593577,9.960543
23/06/2017 22:50:45,57.593592,9.960537
23/06/2017 22:53:24,57.593592,9.960537
23/06/2017 22:53:26,57.593592,9.960537
23/06/2017 22:53:42,57.593592,9.960560
23/06/2017 22:56:43,57.593578,9.960540
23/06/2017 22:59:26,57.593578,9.960540
23/06/2017 22:59:27,57.593578,9.960540
23/06/2017 22:59:44,57.593588,9.960535
23/06/2017 23:02:42,57.593605,9.960518
23/06/2017 23:05:29,57.593605,9.960518
23/06/2017 23:05:42,57.593602,9.960527
23/06/2017 23:08:43,57.593590,9.960523
23/06/2017 23:11:27,57.593590,9.960523
23/06/2017 23:11:28,57.593590,9.960523
23/06/2017 23:11:44,57.593615,9.960522
23/06/2017 23:14:42,57.593602,9.960527
23/06/2017 23:17:25,57.593602,9.960527
23/06/2017 23:17:28,57.593602,9.960527
23/06/2017 23:17:42,57.593605,9.960515
23/06/2017 23:20:42,57.593607,9.960522
23/06/2017 23:23:27,57.593607,9.960522
23/06/2017 23:23:27,57.593607,9.960522
23/06/2017 23:26:43,57.593595,9.960510
23/06/2017 23:29:25,57.593595,9.960510
23/06/2017 23:29:25,57.593595,9.960510
23/06/2017 23:29:44,57.593607,9.960518
23/06/2017 23:35:26,57.593607,9.960518
23/06/2017 23:35:43,57.593593,9.960502
23/06/2017 23:38:42,57.593590,9.960500
23/06/2017 23:41:24,57.593590,9.960500
23/06/2017 23:41:25,57.593590,9.960500
23/06/2017 23:41:42,57.593582,9.960485
23/06/2017 23:47:25,57.593582,9.960485
23/06/2017 23:47:26,57.593582,9.960485
23/06/2017 23:47:44,57.593588,9.960490
23/06/2017 23:50:44,57.593593,9.960510
23/06/2017 23:53:25,57.593593,9.960510
23/06/2017 23:53:28,57.593593,9.960510
23/06/2017 23:53:43,57.593595,9.960512
23/06/2017 23:59:25,57.593595,9.960512
23/06/2017 23:59:26,57.593595,9.960512
23/06/2017 23:59:42,57.593590,9.960502
